{
  "type": "FeatureCollection",
  "metadata": {
    "datum": {
      "ground_relative_m": 0,
      "basement_relative_m": -4,
      "render_offset_m": 4,
      "floor_height_m": 4
    },
    "origin": [
      128.05965,
      36.6546
    ],
    "survey_verified": false,
    "photo_alignment": "Existing OSM building outlines; annotated photo interpreted for relative layout only. Not a georeferenced orthophoto.",
    "buildings": [
      {
        "id": "osm-w1545943901-building",
        "label": "하단동",
        "above_ground_floors": 2,
        "courtyard_edge": 0,
        "exposed_basement": true,
        "roof": "green"
      },
      {
        "id": "osm-w1545943902-building",
        "label": "좌측동",
        "above_ground_floors": 2,
        "courtyard_edge": 1,
        "exposed_basement": false,
        "roof": "green"
      },
      {
        "id": "osm-w1545943903-building",
        "label": "우측동",
        "above_ground_floors": 2,
        "courtyard_edge": 3,
        "exposed_basement": true,
        "roof": "green"
      },
      {
        "id": "osm-w1545943904-building",
        "label": "메인 온실동",
        "above_ground_floors": 3,
        "courtyard_edge": 2,
        "exposed_basement": true,
        "roof": "solar",
        "solar_racks": 3
      }
    ],
    "notes": [
      "층수와 색상 의미는 사용자 제공",
      "지하 깊이·층고·선큰 경계·보행선은 시각적 추정",
      "신규 선은 표시·검토용이며 GPS 보정 및 길찾기에서 제외"
    ]
  },
  "features": [
    {
      "type": "Feature",
      "id": "osm-w1545943901-building-buried",
      "properties": {
        "id": "osm-w1545943901-building-buried",
        "type": "eco_structure",
        "part": "eco buried basement mass",
        "band": "TERRAIN",
        "color": "#b5b39b",
        "annotation_color": "#a7b583",
        "base_m": 0,
        "top_m": 4,
        "relative_base_m": -4,
        "relative_top_m": 0,
        "base": 0,
        "height": 4,
        "usage": "visual_only",
        "survey_verified": false,
        "routing_enabled": false,
        "building_id": "osm-w1545943901-building",
        "building_label": "하단동",
        "above_ground_floors": 2,
        "exposure": "buried_or_unconfirmed"
      },
      "geometry": {
        "type": "Polygon",
        "coordinates": [
          [
            [
              128.0594985,
              36.6543323
            ],
            [
              128.0598392,
              36.6539396
            ],
            [
              128.0600618,
              36.6541774
            ],
            [
              128.0597091,
              36.6544765
            ],
            [
              128.0594985,
              36.6543323
            ]
          ]
        ]
      }
    },
    {
      "type": "Feature",
      "id": "osm-w1545943901-building-b1",
      "properties": {
        "id": "osm-w1545943901-building-b1",
        "type": "eco_structure",
        "part": "eco exposed basement facade",
        "band": "B1",
        "color": "#629a96",
        "annotation_color": "#26a776",
        "base_m": 0,
        "top_m": 4,
        "relative_base_m": -4,
        "relative_top_m": 0,
        "base": 0,
        "height": 4,
        "usage": "visual_only",
        "survey_verified": false,
        "routing_enabled": false,
        "building_id": "osm-w1545943901-building",
        "building_label": "하단동",
        "above_ground_floors": 2,
        "exposure": "photo_interpreted"
      },
      "geometry": {
        "type": "Polygon",
        "coordinates": [
          [
            [
              128.0597091,
              36.6544765
            ],
            [
              128.0600618,
              36.6541774
            ],
            [
              128.060066686,
              36.654181108
            ],
            [
              128.059713986,
              36.654480208
            ],
            [
              128.0597091,
              36.6544765
            ]
          ]
        ]
      }
    },
    {
      "type": "Feature",
      "id": "osm-w1545943901-building-b1-column-0",
      "properties": {
        "id": "osm-w1545943901-building-b1-column-0",
        "type": "eco_structure",
        "part": "eco basement mullion",
        "band": "B1",
        "color": "#d8ded1",
        "annotation_color": "#26a776",
        "base_m": 0,
        "top_m": 4,
        "relative_base_m": -4,
        "relative_top_m": 0,
        "base": 0,
        "height": 4,
        "usage": "visual_only",
        "survey_verified": false,
        "routing_enabled": false,
        "building_id": "osm-w1545943901-building",
        "building_label": "하단동",
        "above_ground_floors": 2
      },
      "geometry": {
        "type": "Polygon",
        "coordinates": [
          [
            [
              128.059706634,
              36.654474521
            ],
            [
              128.059711566,
              36.654474521
            ],
            [
              128.059711566,
              36.654478479
            ],
            [
              128.059706634,
              36.654478479
            ],
            [
              128.059706634,
              36.654474521
            ]
          ]
        ]
      }
    },
    {
      "type": "Feature",
      "id": "osm-w1545943901-building-b1-column-1",
      "properties": {
        "id": "osm-w1545943901-building-b1-column-1",
        "type": "eco_structure",
        "part": "eco basement mullion",
        "band": "B1",
        "color": "#d8ded1",
        "annotation_color": "#26a776",
        "base_m": 0,
        "top_m": 4,
        "relative_base_m": -4,
        "relative_top_m": 0,
        "base": 0,
        "height": 4,
        "usage": "visual_only",
        "survey_verified": false,
        "routing_enabled": false,
        "building_id": "osm-w1545943901-building",
        "building_label": "하단동",
        "above_ground_floors": 2
      },
      "geometry": {
        "type": "Polygon",
        "coordinates": [
          [
            [
              128.059777174,
              36.654414701
            ],
            [
              128.059782106,
              36.654414701
            ],
            [
              128.059782106,
              36.654418659
            ],
            [
              128.059777174,
              36.654418659
            ],
            [
              128.059777174,
              36.654414701
            ]
          ]
        ]
      }
    },
    {
      "type": "Feature",
      "id": "osm-w1545943901-building-b1-column-2",
      "properties": {
        "id": "osm-w1545943901-building-b1-column-2",
        "type": "eco_structure",
        "part": "eco basement mullion",
        "band": "B1",
        "color": "#d8ded1",
        "annotation_color": "#26a776",
        "base_m": 0,
        "top_m": 4,
        "relative_base_m": -4,
        "relative_top_m": 0,
        "base": 0,
        "height": 4,
        "usage": "visual_only",
        "survey_verified": false,
        "routing_enabled": false,
        "building_id": "osm-w1545943901-building",
        "building_label": "하단동",
        "above_ground_floors": 2
      },
      "geometry": {
        "type": "Polygon",
        "coordinates": [
          [
            [
              128.059847714,
              36.654354881
            ],
            [
              128.059852646,
              36.654354881
            ],
            [
              128.059852646,
              36.654358839
            ],
            [
              128.059847714,
              36.654358839
            ],
            [
              128.059847714,
              36.654354881
            ]
          ]
        ]
      }
    },
    {
      "type": "Feature",
      "id": "osm-w1545943901-building-b1-column-3",
      "properties": {
        "id": "osm-w1545943901-building-b1-column-3",
        "type": "eco_structure",
        "part": "eco basement mullion",
        "band": "B1",
        "color": "#d8ded1",
        "annotation_color": "#26a776",
        "base_m": 0,
        "top_m": 4,
        "relative_base_m": -4,
        "relative_top_m": 0,
        "base": 0,
        "height": 4,
        "usage": "visual_only",
        "survey_verified": false,
        "routing_enabled": false,
        "building_id": "osm-w1545943901-building",
        "building_label": "하단동",
        "above_ground_floors": 2
      },
      "geometry": {
        "type": "Polygon",
        "coordinates": [
          [
            [
              128.059918254,
              36.654295061
            ],
            [
              128.059923186,
              36.654295061
            ],
            [
              128.059923186,
              36.654299019
            ],
            [
              128.059918254,
              36.654299019
            ],
            [
              128.059918254,
              36.654295061
            ]
          ]
        ]
      }
    },
    {
      "type": "Feature",
      "id": "osm-w1545943901-building-b1-column-4",
      "properties": {
        "id": "osm-w1545943901-building-b1-column-4",
        "type": "eco_structure",
        "part": "eco basement mullion",
        "band": "B1",
        "color": "#d8ded1",
        "annotation_color": "#26a776",
        "base_m": 0,
        "top_m": 4,
        "relative_base_m": -4,
        "relative_top_m": 0,
        "base": 0,
        "height": 4,
        "usage": "visual_only",
        "survey_verified": false,
        "routing_enabled": false,
        "building_id": "osm-w1545943901-building",
        "building_label": "하단동",
        "above_ground_floors": 2
      },
      "geometry": {
        "type": "Polygon",
        "coordinates": [
          [
            [
              128.059988794,
              36.654235241
            ],
            [
              128.059993726,
              36.654235241
            ],
            [
              128.059993726,
              36.654239199
            ],
            [
              128.059988794,
              36.654239199
            ],
            [
              128.059988794,
              36.654235241
            ]
          ]
        ]
      }
    },
    {
      "type": "Feature",
      "id": "osm-w1545943901-building-b1-column-5",
      "properties": {
        "id": "osm-w1545943901-building-b1-column-5",
        "type": "eco_structure",
        "part": "eco basement mullion",
        "band": "B1",
        "color": "#d8ded1",
        "annotation_color": "#26a776",
        "base_m": 0,
        "top_m": 4,
        "relative_base_m": -4,
        "relative_top_m": 0,
        "base": 0,
        "height": 4,
        "usage": "visual_only",
        "survey_verified": false,
        "routing_enabled": false,
        "building_id": "osm-w1545943901-building",
        "building_label": "하단동",
        "above_ground_floors": 2
      },
      "geometry": {
        "type": "Polygon",
        "coordinates": [
          [
            [
              128.060059334,
              36.654175421
            ],
            [
              128.060064266,
              36.654175421
            ],
            [
              128.060064266,
              36.654179379
            ],
            [
              128.060059334,
              36.654179379
            ],
            [
              128.060059334,
              36.654175421
            ]
          ]
        ]
      }
    },
    {
      "type": "Feature",
      "id": "osm-w1545943901-building-g1",
      "properties": {
        "id": "osm-w1545943901-building-g1",
        "type": "eco_structure",
        "part": "eco ground floor",
        "band": "G1",
        "color": "#d5dbce",
        "annotation_color": "#dc514c",
        "base_m": 4,
        "top_m": 8,
        "relative_base_m": 0,
        "relative_top_m": 4,
        "base": 4,
        "height": 8,
        "usage": "visual_only",
        "survey_verified": false,
        "routing_enabled": false,
        "building_id": "osm-w1545943901-building",
        "building_label": "하단동",
        "above_ground_floors": 2
      },
      "geometry": {
        "type": "Polygon",
        "coordinates": [
          [
            [
              128.0594985,
              36.6543323
            ],
            [
              128.0598392,
              36.6539396
            ],
            [
              128.0600618,
              36.6541774
            ],
            [
              128.0597091,
              36.6544765
            ],
            [
              128.0594985,
              36.6543323
            ]
          ]
        ]
      }
    },
    {
      "type": "Feature",
      "id": "osm-w1545943901-building-floor-2",
      "properties": {
        "id": "osm-w1545943901-building-floor-2",
        "type": "eco_structure",
        "part": "eco upper floor",
        "band": "UPPER",
        "color": "#d4dbce",
        "annotation_color": "#efc84b",
        "base_m": 8,
        "top_m": 12,
        "relative_base_m": 4,
        "relative_top_m": 8,
        "base": 8,
        "height": 12,
        "usage": "visual_only",
        "survey_verified": false,
        "routing_enabled": false,
        "building_id": "osm-w1545943901-building",
        "building_label": "하단동",
        "above_ground_floors": 2,
        "floor": 2
      },
      "geometry": {
        "type": "Polygon",
        "coordinates": [
          [
            [
              128.059509646,
              36.654328266
            ],
            [
              128.059836718,
              36.653951274
            ],
            [
              128.060050414,
              36.654179562
            ],
            [
              128.059711822,
              36.654466698
            ],
            [
              128.059509646,
              36.654328266
            ]
          ]
        ]
      }
    },
    {
      "type": "Feature",
      "id": "osm-w1545943901-building-rim",
      "properties": {
        "id": "osm-w1545943901-building-rim",
        "type": "eco_structure",
        "part": "eco roof rim",
        "band": "ROOF",
        "color": "#f1f0dc",
        "annotation_color": "#cdd7aa",
        "base_m": 12,
        "top_m": 12.32,
        "relative_base_m": 8,
        "relative_top_m": 8.32,
        "base": 12,
        "height": 12.32,
        "usage": "visual_only",
        "survey_verified": false,
        "routing_enabled": false,
        "building_id": "osm-w1545943901-building",
        "building_label": "하단동",
        "above_ground_floors": 2
      },
      "geometry": {
        "type": "Polygon",
        "coordinates": [
          [
            [
              128.059501286,
              36.654331292
            ],
            [
              128.059838579,
              36.653942519
            ],
            [
              128.060058954,
              36.65417794
            ],
            [
              128.05970978,
              36.65447405
            ],
            [
              128.059501286,
              36.654331292
            ]
          ]
        ]
      }
    },
    {
      "type": "Feature",
      "id": "osm-w1545943901-building-roof",
      "properties": {
        "id": "osm-w1545943901-building-roof",
        "type": "eco_structure",
        "part": "eco roof finish",
        "band": "ROOF",
        "color": "#8faa63",
        "annotation_color": "#cdd7aa",
        "base_m": 12.32,
        "top_m": 12.5,
        "relative_base_m": 8.32,
        "relative_top_m": 8.5,
        "base": 12.32,
        "height": 12.5,
        "usage": "visual_only",
        "survey_verified": false,
        "routing_enabled": false,
        "building_id": "osm-w1545943901-building",
        "building_label": "하단동",
        "above_ground_floors": 2
      },
      "geometry": {
        "type": "Polygon",
        "coordinates": [
          [
            [
              128.059550942,
              36.65431332
            ],
            [
              128.059827522,
              36.653994526
            ],
            [
              128.060008229,
              36.654187572
            ],
            [
              128.059721907,
              36.654430382
            ],
            [
              128.059550942,
              36.65431332
            ]
          ]
        ]
      }
    },
    {
      "type": "Feature",
      "id": "osm-w1545943901-building-soil-1",
      "properties": {
        "id": "osm-w1545943901-building-soil-1",
        "type": "eco_structure",
        "part": "eco retained soil shoulder",
        "band": "TERRAIN",
        "color": "#aebc8b",
        "annotation_color": "#a7b583",
        "base_m": 0,
        "top_m": 4,
        "relative_base_m": -4,
        "relative_top_m": 0,
        "base": 0,
        "height": 4,
        "usage": "visual_only",
        "survey_verified": false,
        "routing_enabled": false,
        "building_id": "osm-w1545943901-building",
        "building_label": "하단동",
        "above_ground_floors": 2
      },
      "geometry": {
        "type": "Polygon",
        "coordinates": [
          [
            [
              128.0600618,
              36.6541774
            ],
            [
              128.0598392,
              36.6539396
            ],
            [
              128.059857128,
              36.653928799
            ],
            [
              128.060079728,
              36.654166599
            ],
            [
              128.0600618,
              36.6541774
            ]
          ]
        ]
      }
    },
    {
      "type": "Feature",
      "id": "osm-w1545943901-building-soil-2",
      "properties": {
        "id": "osm-w1545943901-building-soil-2",
        "type": "eco_structure",
        "part": "eco retained soil shoulder",
        "band": "TERRAIN",
        "color": "#aebc8b",
        "annotation_color": "#a7b583",
        "base_m": 0,
        "top_m": 4,
        "relative_base_m": -4,
        "relative_top_m": 0,
        "base": 0,
        "height": 4,
        "usage": "visual_only",
        "survey_verified": false,
        "routing_enabled": false,
        "building_id": "osm-w1545943901-building",
        "building_label": "하단동",
        "above_ground_floors": 2
      },
      "geometry": {
        "type": "Polygon",
        "coordinates": [
          [
            [
              128.0598392,
              36.6539396
            ],
            [
              128.0594985,
              36.6543323
            ],
            [
              128.059480098,
              36.654322025
            ],
            [
              128.059820798,
              36.653929325
            ],
            [
              128.0598392,
              36.6539396
            ]
          ]
        ]
      }
    },
    {
      "type": "Feature",
      "id": "osm-w1545943901-building-soil-3",
      "properties": {
        "id": "osm-w1545943901-building-soil-3",
        "type": "eco_structure",
        "part": "eco retained soil shoulder",
        "band": "TERRAIN",
        "color": "#aebc8b",
        "annotation_color": "#a7b583",
        "base_m": 0,
        "top_m": 4,
        "relative_base_m": -4,
        "relative_top_m": 0,
        "base": 0,
        "height": 4,
        "usage": "visual_only",
        "survey_verified": false,
        "routing_enabled": false,
        "building_id": "osm-w1545943901-building",
        "building_label": "하단동",
        "above_ground_floors": 2
      },
      "geometry": {
        "type": "Polygon",
        "coordinates": [
          [
            [
              128.0594985,
              36.6543323
            ],
            [
              128.0597091,
              36.6544765
            ],
            [
              128.059694545,
              36.654490181
            ],
            [
              128.059483945,
              36.654345981
            ],
            [
              128.0594985,
              36.6543323
            ]
          ]
        ]
      }
    },
    {
      "type": "Feature",
      "id": "osm-w1545943902-building-buried",
      "properties": {
        "id": "osm-w1545943902-building-buried",
        "type": "eco_structure",
        "part": "eco buried basement mass",
        "band": "TERRAIN",
        "color": "#b5b39b",
        "annotation_color": "#a7b583",
        "base_m": 0,
        "top_m": 4,
        "relative_base_m": -4,
        "relative_top_m": 0,
        "base": 0,
        "height": 4,
        "usage": "visual_only",
        "survey_verified": false,
        "routing_enabled": false,
        "building_id": "osm-w1545943902-building",
        "building_label": "좌측동",
        "above_ground_floors": 2,
        "exposure": "buried_or_unconfirmed"
      },
      "geometry": {
        "type": "Polygon",
        "coordinates": [
          [
            [
              128.0589969,
              36.6545723
            ],
            [
              128.0593054,
              36.6545174
            ],
            [
              128.0593698,
              36.6546841
            ],
            [
              128.0589688,
              36.6547799
            ],
            [
              128.0589969,
              36.6545723
            ]
          ]
        ]
      }
    },
    {
      "type": "Feature",
      "id": "osm-w1545943902-building-g1",
      "properties": {
        "id": "osm-w1545943902-building-g1",
        "type": "eco_structure",
        "part": "eco ground floor",
        "band": "G1",
        "color": "#d5dbce",
        "annotation_color": "#dc514c",
        "base_m": 4,
        "top_m": 8,
        "relative_base_m": 0,
        "relative_top_m": 4,
        "base": 4,
        "height": 8,
        "usage": "visual_only",
        "survey_verified": false,
        "routing_enabled": false,
        "building_id": "osm-w1545943902-building",
        "building_label": "좌측동",
        "above_ground_floors": 2
      },
      "geometry": {
        "type": "Polygon",
        "coordinates": [
          [
            [
              128.0589969,
              36.6545723
            ],
            [
              128.0593054,
              36.6545174
            ],
            [
              128.0593698,
              36.6546841
            ],
            [
              128.0589688,
              36.6547799
            ],
            [
              128.0589969,
              36.6545723
            ]
          ]
        ]
      }
    },
    {
      "type": "Feature",
      "id": "osm-w1545943902-building-floor-2",
      "properties": {
        "id": "osm-w1545943902-building-floor-2",
        "type": "eco_structure",
        "part": "eco upper floor",
        "band": "UPPER",
        "color": "#d4dbce",
        "annotation_color": "#efc84b",
        "base_m": 8,
        "top_m": 12,
        "relative_base_m": 4,
        "relative_top_m": 8,
        "base": 8,
        "height": 12,
        "usage": "visual_only",
        "survey_verified": false,
        "routing_enabled": false,
        "building_id": "osm-w1545943902-building",
        "building_label": "좌측동",
        "above_ground_floors": 2,
        "floor": 2
      },
      "geometry": {
        "type": "Polygon",
        "coordinates": [
          [
            [
              128.059003433,
              36.654574945
            ],
            [
              128.059299593,
              36.654522241
            ],
            [
              128.059361417,
              36.654682273
            ],
            [
              128.058976457,
              36.654774241
            ],
            [
              128.059003433,
              36.654574945
            ]
          ]
        ]
      }
    },
    {
      "type": "Feature",
      "id": "osm-w1545943902-building-rim",
      "properties": {
        "id": "osm-w1545943902-building-rim",
        "type": "eco_structure",
        "part": "eco roof rim",
        "band": "ROOF",
        "color": "#f1f0dc",
        "annotation_color": "#cdd7aa",
        "base_m": 12,
        "top_m": 12.32,
        "relative_base_m": 8,
        "relative_top_m": 8.32,
        "base": 12,
        "height": 12.32,
        "usage": "visual_only",
        "survey_verified": false,
        "routing_enabled": false,
        "building_id": "osm-w1545943902-building",
        "building_label": "좌측동",
        "above_ground_floors": 2
      },
      "geometry": {
        "type": "Polygon",
        "coordinates": [
          [
            [
              128.058998533,
              36.654572961
            ],
            [
              128.059303948,
              36.65451861
            ],
            [
              128.059367704,
              36.654683643
            ],
            [
              128.058970714,
              36.654778485
            ],
            [
              128.058998533,
              36.654572961
            ]
          ]
        ]
      }
    },
    {
      "type": "Feature",
      "id": "osm-w1545943902-building-roof",
      "properties": {
        "id": "osm-w1545943902-building-roof",
        "type": "eco_structure",
        "part": "eco roof finish",
        "band": "ROOF",
        "color": "#8faa63",
        "annotation_color": "#cdd7aa",
        "base_m": 12.32,
        "top_m": 12.5,
        "relative_base_m": 8.32,
        "relative_top_m": 8.5,
        "base": 12.32,
        "height": 12.5,
        "usage": "visual_only",
        "survey_verified": false,
        "routing_enabled": false,
        "building_id": "osm-w1545943902-building",
        "building_label": "좌측동",
        "above_ground_floors": 2
      },
      "geometry": {
        "type": "Polygon",
        "coordinates": [
          [
            [
              128.059027638,
              36.654584745
            ],
            [
              128.059278078,
              36.654540177
            ],
            [
              128.059330358,
              36.654675504
            ],
            [
              128.059004826,
              36.654753274
            ],
            [
              128.059027638,
              36.654584745
            ]
          ]
        ]
      }
    },
    {
      "type": "Feature",
      "id": "osm-w1545943902-building-soil-0",
      "properties": {
        "id": "osm-w1545943902-building-soil-0",
        "type": "eco_structure",
        "part": "eco retained soil shoulder",
        "band": "TERRAIN",
        "color": "#aebc8b",
        "annotation_color": "#a7b583",
        "base_m": 0,
        "top_m": 4,
        "relative_base_m": -4,
        "relative_top_m": 0,
        "base": 0,
        "height": 4,
        "usage": "visual_only",
        "survey_verified": false,
        "routing_enabled": false,
        "building_id": "osm-w1545943902-building",
        "building_label": "좌측동",
        "above_ground_floors": 2
      },
      "geometry": {
        "type": "Polygon",
        "coordinates": [
          [
            [
              128.0589688,
              36.6547799
            ],
            [
              128.0593698,
              36.6546841
            ],
            [
              128.059376199,
              36.654701338
            ],
            [
              128.058975199,
              36.654797138
            ],
            [
              128.0589688,
              36.6547799
            ]
          ]
        ]
      }
    },
    {
      "type": "Feature",
      "id": "osm-w1545943902-building-soil-2",
      "properties": {
        "id": "osm-w1545943902-building-soil-2",
        "type": "eco_structure",
        "part": "eco retained soil shoulder",
        "band": "TERRAIN",
        "color": "#aebc8b",
        "annotation_color": "#a7b583",
        "base_m": 0,
        "top_m": 4,
        "relative_base_m": -4,
        "relative_top_m": 0,
        "base": 0,
        "height": 4,
        "usage": "visual_only",
        "survey_verified": false,
        "routing_enabled": false,
        "building_id": "osm-w1545943902-building",
        "building_label": "좌측동",
        "above_ground_floors": 2
      },
      "geometry": {
        "type": "Polygon",
        "coordinates": [
          [
            [
              128.0593054,
              36.6545174
            ],
            [
              128.0589969,
              36.6545723
            ],
            [
              128.058992045,
              36.65455474
            ],
            [
              128.059300545,
              36.65449984
            ],
            [
              128.0593054,
              36.6545174
            ]
          ]
        ]
      }
    },
    {
      "type": "Feature",
      "id": "osm-w1545943902-building-soil-3",
      "properties": {
        "id": "osm-w1545943902-building-soil-3",
        "type": "eco_structure",
        "part": "eco retained soil shoulder",
        "band": "TERRAIN",
        "color": "#aebc8b",
        "annotation_color": "#a7b583",
        "base_m": 0,
        "top_m": 4,
        "relative_base_m": -4,
        "relative_top_m": 0,
        "base": 0,
        "height": 4,
        "usage": "visual_only",
        "survey_verified": false,
        "routing_enabled": false,
        "building_id": "osm-w1545943902-building",
        "building_label": "좌측동",
        "above_ground_floors": 2
      },
      "geometry": {
        "type": "Polygon",
        "coordinates": [
          [
            [
              128.0589969,
              36.6545723
            ],
            [
              128.0589688,
              36.6547799
            ],
            [
              128.058946511,
              36.654777958
            ],
            [
              128.058974611,
              36.654570358
            ],
            [
              128.0589969,
              36.6545723
            ]
          ]
        ]
      }
    },
    {
      "type": "Feature",
      "id": "osm-w1545943903-building-buried",
      "properties": {
        "id": "osm-w1545943903-building-buried",
        "type": "eco_structure",
        "part": "eco buried basement mass",
        "band": "TERRAIN",
        "color": "#b5b39b",
        "annotation_color": "#a7b583",
        "base_m": 0,
        "top_m": 4,
        "relative_base_m": -4,
        "relative_top_m": 0,
        "base": 0,
        "height": 4,
        "usage": "visual_only",
        "survey_verified": false,
        "routing_enabled": false,
        "building_id": "osm-w1545943903-building",
        "building_label": "우측동",
        "above_ground_floors": 2,
        "exposure": "buried_or_unconfirmed"
      },
      "geometry": {
        "type": "Polygon",
        "coordinates": [
          [
            [
              128.0599692,
              36.6546486
            ],
            [
              128.0606425,
              36.6544033
            ],
            [
              128.0608061,
              36.6545712
            ],
            [
              128.060165,
              36.6547691
            ],
            [
              128.0600524,
              36.6547928
            ],
            [
              128.0599692,
              36.6546486
            ]
          ]
        ]
      }
    },
    {
      "type": "Feature",
      "id": "osm-w1545943903-building-b1",
      "properties": {
        "id": "osm-w1545943903-building-b1",
        "type": "eco_structure",
        "part": "eco exposed basement facade",
        "band": "B1",
        "color": "#629a96",
        "annotation_color": "#26a776",
        "base_m": 0,
        "top_m": 4,
        "relative_base_m": -4,
        "relative_top_m": 0,
        "base": 0,
        "height": 4,
        "usage": "visual_only",
        "survey_verified": false,
        "routing_enabled": false,
        "building_id": "osm-w1545943903-building",
        "building_label": "우측동",
        "above_ground_floors": 2,
        "exposure": "photo_interpreted"
      },
      "geometry": {
        "type": "Polygon",
        "coordinates": [
          [
            [
              128.0606425,
              36.6544033
            ],
            [
              128.0599692,
              36.6546486
            ],
            [
              128.059966419,
              36.654643687
            ],
            [
              128.060639719,
              36.654398387
            ],
            [
              128.0606425,
              36.6544033
            ]
          ]
        ]
      }
    },
    {
      "type": "Feature",
      "id": "osm-w1545943903-building-b1-column-0",
      "properties": {
        "id": "osm-w1545943903-building-b1-column-0",
        "type": "eco_structure",
        "part": "eco basement mullion",
        "band": "B1",
        "color": "#d8ded1",
        "annotation_color": "#26a776",
        "base_m": 0,
        "top_m": 4,
        "relative_base_m": -4,
        "relative_top_m": 0,
        "base": 0,
        "height": 4,
        "usage": "visual_only",
        "survey_verified": false,
        "routing_enabled": false,
        "building_id": "osm-w1545943903-building",
        "building_label": "우측동",
        "above_ground_floors": 2
      },
      "geometry": {
        "type": "Polygon",
        "coordinates": [
          [
            [
              128.060640034,
              36.654401321
            ],
            [
              128.060644966,
              36.654401321
            ],
            [
              128.060644966,
              36.654405279
            ],
            [
              128.060640034,
              36.654405279
            ],
            [
              128.060640034,
              36.654401321
            ]
          ]
        ]
      }
    },
    {
      "type": "Feature",
      "id": "osm-w1545943903-building-b1-column-1",
      "properties": {
        "id": "osm-w1545943903-building-b1-column-1",
        "type": "eco_structure",
        "part": "eco basement mullion",
        "band": "B1",
        "color": "#d8ded1",
        "annotation_color": "#26a776",
        "base_m": 0,
        "top_m": 4,
        "relative_base_m": -4,
        "relative_top_m": 0,
        "base": 0,
        "height": 4,
        "usage": "visual_only",
        "survey_verified": false,
        "routing_enabled": false,
        "building_id": "osm-w1545943903-building",
        "building_label": "우측동",
        "above_ground_floors": 2
      },
      "geometry": {
        "type": "Polygon",
        "coordinates": [
          [
            [
              128.060505374,
              36.654450381
            ],
            [
              128.060510306,
              36.654450381
            ],
            [
              128.060510306,
              36.654454339
            ],
            [
              128.060505374,
              36.654454339
            ],
            [
              128.060505374,
              36.654450381
            ]
          ]
        ]
      }
    },
    {
      "type": "Feature",
      "id": "osm-w1545943903-building-b1-column-2",
      "properties": {
        "id": "osm-w1545943903-building-b1-column-2",
        "type": "eco_structure",
        "part": "eco basement mullion",
        "band": "B1",
        "color": "#d8ded1",
        "annotation_color": "#26a776",
        "base_m": 0,
        "top_m": 4,
        "relative_base_m": -4,
        "relative_top_m": 0,
        "base": 0,
        "height": 4,
        "usage": "visual_only",
        "survey_verified": false,
        "routing_enabled": false,
        "building_id": "osm-w1545943903-building",
        "building_label": "우측동",
        "above_ground_floors": 2
      },
      "geometry": {
        "type": "Polygon",
        "coordinates": [
          [
            [
              128.060370714,
              36.654499441
            ],
            [
              128.060375646,
              36.654499441
            ],
            [
              128.060375646,
              36.654503399
            ],
            [
              128.060370714,
              36.654503399
            ],
            [
              128.060370714,
              36.654499441
            ]
          ]
        ]
      }
    },
    {
      "type": "Feature",
      "id": "osm-w1545943903-building-b1-column-3",
      "properties": {
        "id": "osm-w1545943903-building-b1-column-3",
        "type": "eco_structure",
        "part": "eco basement mullion",
        "band": "B1",
        "color": "#d8ded1",
        "annotation_color": "#26a776",
        "base_m": 0,
        "top_m": 4,
        "relative_base_m": -4,
        "relative_top_m": 0,
        "base": 0,
        "height": 4,
        "usage": "visual_only",
        "survey_verified": false,
        "routing_enabled": false,
        "building_id": "osm-w1545943903-building",
        "building_label": "우측동",
        "above_ground_floors": 2
      },
      "geometry": {
        "type": "Polygon",
        "coordinates": [
          [
            [
              128.060236054,
              36.654548501
            ],
            [
              128.060240986,
              36.654548501
            ],
            [
              128.060240986,
              36.654552459
            ],
            [
              128.060236054,
              36.654552459
            ],
            [
              128.060236054,
              36.654548501
            ]
          ]
        ]
      }
    },
    {
      "type": "Feature",
      "id": "osm-w1545943903-building-b1-column-4",
      "properties": {
        "id": "osm-w1545943903-building-b1-column-4",
        "type": "eco_structure",
        "part": "eco basement mullion",
        "band": "B1",
        "color": "#d8ded1",
        "annotation_color": "#26a776",
        "base_m": 0,
        "top_m": 4,
        "relative_base_m": -4,
        "relative_top_m": 0,
        "base": 0,
        "height": 4,
        "usage": "visual_only",
        "survey_verified": false,
        "routing_enabled": false,
        "building_id": "osm-w1545943903-building",
        "building_label": "우측동",
        "above_ground_floors": 2
      },
      "geometry": {
        "type": "Polygon",
        "coordinates": [
          [
            [
              128.060101394,
              36.654597561
            ],
            [
              128.060106326,
              36.654597561
            ],
            [
              128.060106326,
              36.654601519
            ],
            [
              128.060101394,
              36.654601519
            ],
            [
              128.060101394,
              36.654597561
            ]
          ]
        ]
      }
    },
    {
      "type": "Feature",
      "id": "osm-w1545943903-building-b1-column-5",
      "properties": {
        "id": "osm-w1545943903-building-b1-column-5",
        "type": "eco_structure",
        "part": "eco basement mullion",
        "band": "B1",
        "color": "#d8ded1",
        "annotation_color": "#26a776",
        "base_m": 0,
        "top_m": 4,
        "relative_base_m": -4,
        "relative_top_m": 0,
        "base": 0,
        "height": 4,
        "usage": "visual_only",
        "survey_verified": false,
        "routing_enabled": false,
        "building_id": "osm-w1545943903-building",
        "building_label": "우측동",
        "above_ground_floors": 2
      },
      "geometry": {
        "type": "Polygon",
        "coordinates": [
          [
            [
              128.059966734,
              36.654646621
            ],
            [
              128.059971666,
              36.654646621
            ],
            [
              128.059971666,
              36.654650579
            ],
            [
              128.059966734,
              36.654650579
            ],
            [
              128.059966734,
              36.654646621
            ]
          ]
        ]
      }
    },
    {
      "type": "Feature",
      "id": "osm-w1545943903-building-g1",
      "properties": {
        "id": "osm-w1545943903-building-g1",
        "type": "eco_structure",
        "part": "eco ground floor",
        "band": "G1",
        "color": "#d5dbce",
        "annotation_color": "#dc514c",
        "base_m": 4,
        "top_m": 8,
        "relative_base_m": 0,
        "relative_top_m": 4,
        "base": 4,
        "height": 8,
        "usage": "visual_only",
        "survey_verified": false,
        "routing_enabled": false,
        "building_id": "osm-w1545943903-building",
        "building_label": "우측동",
        "above_ground_floors": 2
      },
      "geometry": {
        "type": "Polygon",
        "coordinates": [
          [
            [
              128.0599692,
              36.6546486
            ],
            [
              128.0606425,
              36.6544033
            ],
            [
              128.0608061,
              36.6545712
            ],
            [
              128.060165,
              36.6547691
            ],
            [
              128.0600524,
              36.6547928
            ],
            [
              128.0599692,
              36.6546486
            ]
          ]
        ]
      }
    },
    {
      "type": "Feature",
      "id": "osm-w1545943903-building-floor-2",
      "properties": {
        "id": "osm-w1545943903-building-floor-2",
        "type": "eco_structure",
        "part": "eco upper floor",
        "band": "UPPER",
        "color": "#d4dbce",
        "annotation_color": "#efc84b",
        "base_m": 8,
        "top_m": 12,
        "relative_base_m": 4,
        "relative_top_m": 8,
        "base": 8,
        "height": 12,
        "usage": "visual_only",
        "survey_verified": false,
        "routing_enabled": false,
        "building_id": "osm-w1545943903-building",
        "building_label": "우측동",
        "above_ground_floors": 2,
        "floor": 2
      },
      "geometry": {
        "type": "Polygon",
        "coordinates": [
          [
            [
              128.059983514,
              36.654648136
            ],
            [
              128.060629882,
              36.654412648
            ],
            [
              128.060786938,
              36.654573832
            ],
            [
              128.060171482,
              36.654763816
            ],
            [
              128.060063386,
              36.654786568
            ],
            [
              128.059983514,
              36.654648136
            ]
          ]
        ]
      }
    },
    {
      "type": "Feature",
      "id": "osm-w1545943903-building-rim",
      "properties": {
        "id": "osm-w1545943903-building-rim",
        "type": "eco_structure",
        "part": "eco roof rim",
        "band": "ROOF",
        "color": "#f1f0dc",
        "annotation_color": "#cdd7aa",
        "base_m": 12,
        "top_m": 12.32,
        "relative_base_m": 8,
        "relative_top_m": 8.32,
        "base": 12,
        "height": 12.32,
        "usage": "visual_only",
        "survey_verified": false,
        "routing_enabled": false,
        "building_id": "osm-w1545943903-building",
        "building_label": "우측동",
        "above_ground_floors": 2
      },
      "geometry": {
        "type": "Polygon",
        "coordinates": [
          [
            [
              128.059972778,
              36.654648484
            ],
            [
              128.060639345,
              36.654405637
            ],
            [
              128.060801309,
              36.654571858
            ],
            [
              128.06016662,
              36.654767779
            ],
            [
              128.060055146,
              36.654791242
            ],
            [
              128.059972778,
              36.654648484
            ]
          ]
        ]
      }
    },
    {
      "type": "Feature",
      "id": "osm-w1545943903-building-roof",
      "properties": {
        "id": "osm-w1545943903-building-roof",
        "type": "eco_structure",
        "part": "eco roof finish",
        "band": "ROOF",
        "color": "#8faa63",
        "annotation_color": "#cdd7aa",
        "base_m": 12.32,
        "top_m": 12.5,
        "relative_base_m": 8.32,
        "relative_top_m": 8.5,
        "base": 12.32,
        "height": 12.5,
        "usage": "visual_only",
        "survey_verified": false,
        "routing_enabled": false,
        "building_id": "osm-w1545943903-building",
        "building_label": "우측동",
        "above_ground_floors": 2
      },
      "geometry": {
        "type": "Polygon",
        "coordinates": [
          [
            [
              128.060036545,
              36.654646417
            ],
            [
              128.06058313,
              36.654447282
            ],
            [
              128.060715941,
              36.654583584
            ],
            [
              128.060195496,
              36.654744239
            ],
            [
              128.060104087,
              36.654763478
            ],
            [
              128.060036545,
              36.654646417
            ]
          ]
        ]
      }
    },
    {
      "type": "Feature",
      "id": "osm-w1545943903-building-soil-0",
      "properties": {
        "id": "osm-w1545943903-building-soil-0",
        "type": "eco_structure",
        "part": "eco retained soil shoulder",
        "band": "TERRAIN",
        "color": "#aebc8b",
        "annotation_color": "#a7b583",
        "base_m": 0,
        "top_m": 4,
        "relative_base_m": -4,
        "relative_top_m": 0,
        "base": 0,
        "height": 4,
        "usage": "visual_only",
        "survey_verified": false,
        "routing_enabled": false,
        "building_id": "osm-w1545943903-building",
        "building_label": "우측동",
        "above_ground_floors": 2
      },
      "geometry": {
        "type": "Polygon",
        "coordinates": [
          [
            [
              128.0600524,
              36.6547928
            ],
            [
              128.060165,
              36.6547691
            ],
            [
              128.06017069,
              36.654786498
            ],
            [
              128.06005809,
              36.654810198
            ],
            [
              128.0600524,
              36.6547928
            ]
          ]
        ]
      }
    },
    {
      "type": "Feature",
      "id": "osm-w1545943903-building-soil-1",
      "properties": {
        "id": "osm-w1545943903-building-soil-1",
        "type": "eco_structure",
        "part": "eco retained soil shoulder",
        "band": "TERRAIN",
        "color": "#aebc8b",
        "annotation_color": "#a7b583",
        "base_m": 0,
        "top_m": 4,
        "relative_base_m": -4,
        "relative_top_m": 0,
        "base": 0,
        "height": 4,
        "usage": "visual_only",
        "survey_verified": false,
        "routing_enabled": false,
        "building_id": "osm-w1545943903-building",
        "building_label": "우측동",
        "above_ground_floors": 2
      },
      "geometry": {
        "type": "Polygon",
        "coordinates": [
          [
            [
              128.060165,
              36.6547691
            ],
            [
              128.0608061,
              36.6545712
            ],
            [
              128.060814151,
              36.654587987
            ],
            [
              128.060173051,
              36.654785887
            ],
            [
              128.060165,
              36.6547691
            ]
          ]
        ]
      }
    },
    {
      "type": "Feature",
      "id": "osm-w1545943903-building-soil-2",
      "properties": {
        "id": "osm-w1545943903-building-soil-2",
        "type": "eco_structure",
        "part": "eco retained soil shoulder",
        "band": "TERRAIN",
        "color": "#aebc8b",
        "annotation_color": "#a7b583",
        "base_m": 0,
        "top_m": 4,
        "relative_base_m": -4,
        "relative_top_m": 0,
        "base": 0,
        "height": 4,
        "usage": "visual_only",
        "survey_verified": false,
        "routing_enabled": false,
        "building_id": "osm-w1545943903-building",
        "building_label": "우측동",
        "above_ground_floors": 2
      },
      "geometry": {
        "type": "Polygon",
        "coordinates": [
          [
            [
              128.0608061,
              36.6545712
            ],
            [
              128.0606425,
              36.6544033
            ],
            [
              128.060660164,
              36.654392223
            ],
            [
              128.060823764,
              36.654560123
            ],
            [
              128.0608061,
              36.6545712
            ]
          ]
        ]
      }
    },
    {
      "type": "Feature",
      "id": "osm-w1545943903-building-soil-4",
      "properties": {
        "id": "osm-w1545943903-building-soil-4",
        "type": "eco_structure",
        "part": "eco retained soil shoulder",
        "band": "TERRAIN",
        "color": "#aebc8b",
        "annotation_color": "#a7b583",
        "base_m": 0,
        "top_m": 4,
        "relative_base_m": -4,
        "relative_top_m": 0,
        "base": 0,
        "height": 4,
        "usage": "visual_only",
        "survey_verified": false,
        "routing_enabled": false,
        "building_id": "osm-w1545943903-building",
        "building_label": "우측동",
        "above_ground_floors": 2
      },
      "geometry": {
        "type": "Polygon",
        "coordinates": [
          [
            [
              128.0599692,
              36.6546486
            ],
            [
              128.0600524,
              36.6547928
            ],
            [
              128.060032054,
              36.654800355
            ],
            [
              128.059948854,
              36.654656155
            ],
            [
              128.0599692,
              36.6546486
            ]
          ]
        ]
      }
    },
    {
      "type": "Feature",
      "id": "osm-w1545943904-building-buried",
      "properties": {
        "id": "osm-w1545943904-building-buried",
        "type": "eco_structure",
        "part": "eco buried basement mass",
        "band": "TERRAIN",
        "color": "#b5b39b",
        "annotation_color": "#a7b583",
        "base_m": 0,
        "top_m": 4,
        "relative_base_m": -4,
        "relative_top_m": 0,
        "base": 0,
        "height": 4,
        "usage": "visual_only",
        "survey_verified": false,
        "routing_enabled": false,
        "building_id": "osm-w1545943904-building",
        "building_label": "메인 온실동",
        "above_ground_floors": 3,
        "exposure": "buried_or_unconfirmed"
      },
      "geometry": {
        "type": "Polygon",
        "coordinates": [
          [
            [
              128.0591994,
              36.6549391
            ],
            [
              128.0595991,
              36.6547842
            ],
            [
              128.0597573,
              36.6550446
            ],
            [
              128.0592987,
              36.655249
            ],
            [
              128.0591994,
              36.6549391
            ]
          ]
        ]
      }
    },
    {
      "type": "Feature",
      "id": "osm-w1545943904-building-b1",
      "properties": {
        "id": "osm-w1545943904-building-b1",
        "type": "eco_structure",
        "part": "eco exposed basement facade",
        "band": "B1",
        "color": "#629a96",
        "annotation_color": "#26a776",
        "base_m": 0,
        "top_m": 4,
        "relative_base_m": -4,
        "relative_top_m": 0,
        "base": 0,
        "height": 4,
        "usage": "visual_only",
        "survey_verified": false,
        "routing_enabled": false,
        "building_id": "osm-w1545943904-building",
        "building_label": "메인 온실동",
        "above_ground_floors": 3,
        "exposure": "photo_interpreted"
      },
      "geometry": {
        "type": "Polygon",
        "coordinates": [
          [
            [
              128.0595991,
              36.6547842
            ],
            [
              128.0591994,
              36.6549391
            ],
            [
              128.059196474,
              36.654934241
            ],
            [
              128.059596174,
              36.654779341
            ],
            [
              128.0595991,
              36.6547842
            ]
          ]
        ]
      }
    },
    {
      "type": "Feature",
      "id": "osm-w1545943904-building-b1-column-0",
      "properties": {
        "id": "osm-w1545943904-building-b1-column-0",
        "type": "eco_structure",
        "part": "eco basement mullion",
        "band": "B1",
        "color": "#d8ded1",
        "annotation_color": "#26a776",
        "base_m": 0,
        "top_m": 4,
        "relative_base_m": -4,
        "relative_top_m": 0,
        "base": 0,
        "height": 4,
        "usage": "visual_only",
        "survey_verified": false,
        "routing_enabled": false,
        "building_id": "osm-w1545943904-building",
        "building_label": "메인 온실동",
        "above_ground_floors": 3
      },
      "geometry": {
        "type": "Polygon",
        "coordinates": [
          [
            [
              128.059596634,
              36.654782221
            ],
            [
              128.059601566,
              36.654782221
            ],
            [
              128.059601566,
              36.654786179
            ],
            [
              128.059596634,
              36.654786179
            ],
            [
              128.059596634,
              36.654782221
            ]
          ]
        ]
      }
    },
    {
      "type": "Feature",
      "id": "osm-w1545943904-building-b1-column-1",
      "properties": {
        "id": "osm-w1545943904-building-b1-column-1",
        "type": "eco_structure",
        "part": "eco basement mullion",
        "band": "B1",
        "color": "#d8ded1",
        "annotation_color": "#26a776",
        "base_m": 0,
        "top_m": 4,
        "relative_base_m": -4,
        "relative_top_m": 0,
        "base": 0,
        "height": 4,
        "usage": "visual_only",
        "survey_verified": false,
        "routing_enabled": false,
        "building_id": "osm-w1545943904-building",
        "building_label": "메인 온실동",
        "above_ground_floors": 3
      },
      "geometry": {
        "type": "Polygon",
        "coordinates": [
          [
            [
              128.059516694,
              36.654813201
            ],
            [
              128.059521626,
              36.654813201
            ],
            [
              128.059521626,
              36.654817159
            ],
            [
              128.059516694,
              36.654817159
            ],
            [
              128.059516694,
              36.654813201
            ]
          ]
        ]
      }
    },
    {
      "type": "Feature",
      "id": "osm-w1545943904-building-b1-column-2",
      "properties": {
        "id": "osm-w1545943904-building-b1-column-2",
        "type": "eco_structure",
        "part": "eco basement mullion",
        "band": "B1",
        "color": "#d8ded1",
        "annotation_color": "#26a776",
        "base_m": 0,
        "top_m": 4,
        "relative_base_m": -4,
        "relative_top_m": 0,
        "base": 0,
        "height": 4,
        "usage": "visual_only",
        "survey_verified": false,
        "routing_enabled": false,
        "building_id": "osm-w1545943904-building",
        "building_label": "메인 온실동",
        "above_ground_floors": 3
      },
      "geometry": {
        "type": "Polygon",
        "coordinates": [
          [
            [
              128.059436754,
              36.654844181
            ],
            [
              128.059441686,
              36.654844181
            ],
            [
              128.059441686,
              36.654848139
            ],
            [
              128.059436754,
              36.654848139
            ],
            [
              128.059436754,
              36.654844181
            ]
          ]
        ]
      }
    },
    {
      "type": "Feature",
      "id": "osm-w1545943904-building-b1-column-3",
      "properties": {
        "id": "osm-w1545943904-building-b1-column-3",
        "type": "eco_structure",
        "part": "eco basement mullion",
        "band": "B1",
        "color": "#d8ded1",
        "annotation_color": "#26a776",
        "base_m": 0,
        "top_m": 4,
        "relative_base_m": -4,
        "relative_top_m": 0,
        "base": 0,
        "height": 4,
        "usage": "visual_only",
        "survey_verified": false,
        "routing_enabled": false,
        "building_id": "osm-w1545943904-building",
        "building_label": "메인 온실동",
        "above_ground_floors": 3
      },
      "geometry": {
        "type": "Polygon",
        "coordinates": [
          [
            [
              128.059356814,
              36.654875161
            ],
            [
              128.059361746,
              36.654875161
            ],
            [
              128.059361746,
              36.654879119
            ],
            [
              128.059356814,
              36.654879119
            ],
            [
              128.059356814,
              36.654875161
            ]
          ]
        ]
      }
    },
    {
      "type": "Feature",
      "id": "osm-w1545943904-building-b1-column-4",
      "properties": {
        "id": "osm-w1545943904-building-b1-column-4",
        "type": "eco_structure",
        "part": "eco basement mullion",
        "band": "B1",
        "color": "#d8ded1",
        "annotation_color": "#26a776",
        "base_m": 0,
        "top_m": 4,
        "relative_base_m": -4,
        "relative_top_m": 0,
        "base": 0,
        "height": 4,
        "usage": "visual_only",
        "survey_verified": false,
        "routing_enabled": false,
        "building_id": "osm-w1545943904-building",
        "building_label": "메인 온실동",
        "above_ground_floors": 3
      },
      "geometry": {
        "type": "Polygon",
        "coordinates": [
          [
            [
              128.059276874,
              36.654906141
            ],
            [
              128.059281806,
              36.654906141
            ],
            [
              128.059281806,
              36.654910099
            ],
            [
              128.059276874,
              36.654910099
            ],
            [
              128.059276874,
              36.654906141
            ]
          ]
        ]
      }
    },
    {
      "type": "Feature",
      "id": "osm-w1545943904-building-b1-column-5",
      "properties": {
        "id": "osm-w1545943904-building-b1-column-5",
        "type": "eco_structure",
        "part": "eco basement mullion",
        "band": "B1",
        "color": "#d8ded1",
        "annotation_color": "#26a776",
        "base_m": 0,
        "top_m": 4,
        "relative_base_m": -4,
        "relative_top_m": 0,
        "base": 0,
        "height": 4,
        "usage": "visual_only",
        "survey_verified": false,
        "routing_enabled": false,
        "building_id": "osm-w1545943904-building",
        "building_label": "메인 온실동",
        "above_ground_floors": 3
      },
      "geometry": {
        "type": "Polygon",
        "coordinates": [
          [
            [
              128.059196934,
              36.654937121
            ],
            [
              128.059201866,
              36.654937121
            ],
            [
              128.059201866,
              36.654941079
            ],
            [
              128.059196934,
              36.654941079
            ],
            [
              128.059196934,
              36.654937121
            ]
          ]
        ]
      }
    },
    {
      "type": "Feature",
      "id": "osm-w1545943904-building-g1",
      "properties": {
        "id": "osm-w1545943904-building-g1",
        "type": "eco_structure",
        "part": "eco ground floor",
        "band": "G1",
        "color": "#d5dbce",
        "annotation_color": "#dc514c",
        "base_m": 4,
        "top_m": 8,
        "relative_base_m": 0,
        "relative_top_m": 4,
        "base": 4,
        "height": 8,
        "usage": "visual_only",
        "survey_verified": false,
        "routing_enabled": false,
        "building_id": "osm-w1545943904-building",
        "building_label": "메인 온실동",
        "above_ground_floors": 3
      },
      "geometry": {
        "type": "Polygon",
        "coordinates": [
          [
            [
              128.0591994,
              36.6549391
            ],
            [
              128.0595991,
              36.6547842
            ],
            [
              128.0597573,
              36.6550446
            ],
            [
              128.0592987,
              36.655249
            ],
            [
              128.0591994,
              36.6549391
            ]
          ]
        ]
      }
    },
    {
      "type": "Feature",
      "id": "osm-w1545943904-building-floor-2",
      "properties": {
        "id": "osm-w1545943904-building-floor-2",
        "type": "eco_structure",
        "part": "eco upper floor",
        "band": "UPPER",
        "color": "#a7bfc0",
        "annotation_color": "#efc84b",
        "base_m": 8,
        "top_m": 12,
        "relative_base_m": 4,
        "relative_top_m": 8,
        "base": 8,
        "height": 12,
        "usage": "visual_only",
        "survey_verified": false,
        "routing_enabled": false,
        "building_id": "osm-w1545943904-building",
        "building_label": "메인 온실동",
        "above_ground_floors": 3,
        "floor": 2
      },
      "geometry": {
        "type": "Polygon",
        "coordinates": [
          [
            [
              128.059209969,
              36.654941705
            ],
            [
              128.059593681,
              36.654793001
            ],
            [
              128.059745553,
              36.655042985
            ],
            [
              128.059305297,
              36.655239209
            ],
            [
              128.059209969,
              36.654941705
            ]
          ]
        ]
      }
    },
    {
      "type": "Feature",
      "id": "osm-w1545943904-building-floor-3",
      "properties": {
        "id": "osm-w1545943904-building-floor-3",
        "type": "eco_structure",
        "part": "eco upper floor",
        "band": "UPPER",
        "color": "#a7bfc0",
        "annotation_color": "#efc84b",
        "base_m": 12,
        "top_m": 16,
        "relative_base_m": 8,
        "relative_top_m": 12,
        "base": 12,
        "height": 16,
        "usage": "visual_only",
        "survey_verified": false,
        "routing_enabled": false,
        "building_id": "osm-w1545943904-building",
        "building_label": "메인 온실동",
        "above_ground_floors": 3,
        "floor": 3
      },
      "geometry": {
        "type": "Polygon",
        "coordinates": [
          [
            [
              128.05922318,
              36.654944961
            ],
            [
              128.059586907,
              36.654804002
            ],
            [
              128.059730869,
              36.655040966
            ],
            [
              128.059313543,
              36.65522697
            ],
            [
              128.05922318,
              36.654944961
            ]
          ]
        ]
      }
    },
    {
      "type": "Feature",
      "id": "osm-w1545943904-building-rim",
      "properties": {
        "id": "osm-w1545943904-building-rim",
        "type": "eco_structure",
        "part": "eco roof rim",
        "band": "ROOF",
        "color": "#f1f0dc",
        "annotation_color": "#cdd7aa",
        "base_m": 16,
        "top_m": 16.32,
        "relative_base_m": 12,
        "relative_top_m": 12.32,
        "base": 16,
        "height": 16.32,
        "usage": "visual_only",
        "survey_verified": false,
        "routing_enabled": false,
        "building_id": "osm-w1545943904-building",
        "building_label": "메인 온실동",
        "above_ground_floors": 3
      },
      "geometry": {
        "type": "Polygon",
        "coordinates": [
          [
            [
              128.059215254,
              36.654943008
            ],
            [
              128.059590972,
              36.654797402
            ],
            [
              128.05973968,
              36.655042177
            ],
            [
              128.059308595,
              36.655234313
            ],
            [
              128.059215254,
              36.654943008
            ]
          ]
        ]
      }
    },
    {
      "type": "Feature",
      "id": "osm-w1545943904-building-roof",
      "properties": {
        "id": "osm-w1545943904-building-roof",
        "type": "eco_structure",
        "part": "eco roof finish",
        "band": "ROOF",
        "color": "#78949b",
        "annotation_color": "#cdd7aa",
        "base_m": 16.32,
        "top_m": 16.5,
        "relative_base_m": 12.32,
        "relative_top_m": 12.5,
        "base": 16.32,
        "height": 16.5,
        "usage": "visual_only",
        "survey_verified": false,
        "routing_enabled": false,
        "building_id": "osm-w1545943904-building",
        "building_label": "메인 온실동",
        "above_ground_floors": 3
      },
      "geometry": {
        "type": "Polygon",
        "coordinates": [
          [
            [
              128.05925996,
              36.654954027
            ],
            [
              128.059568049,
              36.65483463
            ],
            [
              128.05968999,
              36.655035346
            ],
            [
              128.059336501,
              36.655192898
            ],
            [
              128.05925996,
              36.654954027
            ]
          ]
        ]
      }
    },
    {
      "type": "Feature",
      "id": "osm-w1545943904-building-solar-0",
      "properties": {
        "id": "osm-w1545943904-building-solar-0",
        "type": "eco_structure",
        "part": "solar panels",
        "band": "ROOF",
        "color": "#476f83",
        "annotation_color": "#cdd7aa",
        "base_m": 16.5,
        "top_m": 16.67,
        "relative_base_m": 12.5,
        "relative_top_m": 12.67,
        "base": 16.5,
        "height": 16.67,
        "usage": "visual_only",
        "survey_verified": false,
        "routing_enabled": false,
        "building_id": "osm-w1545943904-building",
        "building_label": "메인 온실동",
        "above_ground_floors": 3
      },
      "geometry": {
        "type": "Polygon",
        "coordinates": [
          [
            [
              128.059360493,
              36.654945769
            ],
            [
              128.059409817,
              36.654945769
            ],
            [
              128.059409817,
              36.655062681
            ],
            [
              128.059360493,
              36.655062681
            ],
            [
              128.059360493,
              36.654945769
            ]
          ]
        ]
      }
    },
    {
      "type": "Feature",
      "id": "osm-w1545943904-building-solar-1",
      "properties": {
        "id": "osm-w1545943904-building-solar-1",
        "type": "eco_structure",
        "part": "solar panels",
        "band": "ROOF",
        "color": "#476f83",
        "annotation_color": "#cdd7aa",
        "base_m": 16.5,
        "top_m": 16.67,
        "relative_base_m": 12.5,
        "relative_top_m": 12.67,
        "base": 16.5,
        "height": 16.67,
        "usage": "visual_only",
        "survey_verified": false,
        "routing_enabled": false,
        "building_id": "osm-w1545943904-building",
        "building_label": "메인 온실동",
        "above_ground_floors": 3
      },
      "geometry": {
        "type": "Polygon",
        "coordinates": [
          [
            [
              128.059438963,
              36.654945769
            ],
            [
              128.059488287,
              36.654945769
            ],
            [
              128.059488287,
              36.655062681
            ],
            [
              128.059438963,
              36.655062681
            ],
            [
              128.059438963,
              36.654945769
            ]
          ]
        ]
      }
    },
    {
      "type": "Feature",
      "id": "osm-w1545943904-building-solar-2",
      "properties": {
        "id": "osm-w1545943904-building-solar-2",
        "type": "eco_structure",
        "part": "solar panels",
        "band": "ROOF",
        "color": "#476f83",
        "annotation_color": "#cdd7aa",
        "base_m": 16.5,
        "top_m": 16.67,
        "relative_base_m": 12.5,
        "relative_top_m": 12.67,
        "base": 16.5,
        "height": 16.67,
        "usage": "visual_only",
        "survey_verified": false,
        "routing_enabled": false,
        "building_id": "osm-w1545943904-building",
        "building_label": "메인 온실동",
        "above_ground_floors": 3
      },
      "geometry": {
        "type": "Polygon",
        "coordinates": [
          [
            [
              128.059517433,
              36.654945769
            ],
            [
              128.059566757,
              36.654945769
            ],
            [
              128.059566757,
              36.655062681
            ],
            [
              128.059517433,
              36.655062681
            ],
            [
              128.059517433,
              36.654945769
            ]
          ]
        ]
      }
    },
    {
      "type": "Feature",
      "id": "osm-w1545943904-building-soil-0",
      "properties": {
        "id": "osm-w1545943904-building-soil-0",
        "type": "eco_structure",
        "part": "eco retained soil shoulder",
        "band": "TERRAIN",
        "color": "#aebc8b",
        "annotation_color": "#a7b583",
        "base_m": 0,
        "top_m": 4,
        "relative_base_m": -4,
        "relative_top_m": 0,
        "base": 0,
        "height": 4,
        "usage": "visual_only",
        "survey_verified": false,
        "routing_enabled": false,
        "building_id": "osm-w1545943904-building",
        "building_label": "메인 온실동",
        "above_ground_floors": 3
      },
      "geometry": {
        "type": "Polygon",
        "coordinates": [
          [
            [
              128.0592987,
              36.655249
            ],
            [
              128.0597573,
              36.6550446
            ],
            [
              128.059768188,
              36.655060323
            ],
            [
              128.059309588,
              36.655264723
            ],
            [
              128.0592987,
              36.655249
            ]
          ]
        ]
      }
    },
    {
      "type": "Feature",
      "id": "osm-w1545943904-building-soil-1",
      "properties": {
        "id": "osm-w1545943904-building-soil-1",
        "type": "eco_structure",
        "part": "eco retained soil shoulder",
        "band": "TERRAIN",
        "color": "#aebc8b",
        "annotation_color": "#a7b583",
        "base_m": 0,
        "top_m": 4,
        "relative_base_m": -4,
        "relative_top_m": 0,
        "base": 0,
        "height": 4,
        "usage": "visual_only",
        "survey_verified": false,
        "routing_enabled": false,
        "building_id": "osm-w1545943904-building",
        "building_label": "메인 온실동",
        "above_ground_floors": 3
      },
      "geometry": {
        "type": "Polygon",
        "coordinates": [
          [
            [
              128.0597573,
              36.6550446
            ],
            [
              128.0595991,
              36.6547842
            ],
            [
              128.059619254,
              36.65477632
            ],
            [
              128.059777454,
              36.65503672
            ],
            [
              128.0597573,
              36.6550446
            ]
          ]
        ]
      }
    },
    {
      "type": "Feature",
      "id": "osm-w1545943904-building-soil-3",
      "properties": {
        "id": "osm-w1545943904-building-soil-3",
        "type": "eco_structure",
        "part": "eco retained soil shoulder",
        "band": "TERRAIN",
        "color": "#aebc8b",
        "annotation_color": "#a7b583",
        "base_m": 0,
        "top_m": 4,
        "relative_base_m": -4,
        "relative_top_m": 0,
        "base": 0,
        "height": 4,
        "usage": "visual_only",
        "survey_verified": false,
        "routing_enabled": false,
        "building_id": "osm-w1545943904-building",
        "building_label": "메인 온실동",
        "above_ground_floors": 3
      },
      "geometry": {
        "type": "Polygon",
        "coordinates": [
          [
            [
              128.0591994,
              36.6549391
            ],
            [
              128.0592987,
              36.655249
            ],
            [
              128.059276986,
              36.655253478
            ],
            [
              128.059177686,
              36.654943578
            ],
            [
              128.0591994,
              36.6549391
            ]
          ]
        ]
      }
    },
    {
      "type": "Feature",
      "id": "central-sunken-terrain",
      "properties": {
        "id": "central-sunken-terrain",
        "type": "eco_structure",
        "part": "eco central ground with sunken hole",
        "band": "TERRAIN",
        "color": "#9cad74",
        "annotation_color": "#a7b583",
        "base_m": 0,
        "top_m": 4,
        "relative_base_m": -4,
        "relative_top_m": 0,
        "base": 0,
        "height": 4,
        "usage": "visual_only",
        "survey_verified": false,
        "routing_enabled": false
      },
      "geometry": {
        "type": "Polygon",
        "coordinates": [
          [
            [
              128.0594258,
              36.654815837
            ],
            [
              128.05938096,
              36.654555034
            ],
            [
              128.0598742,
              36.654644966
            ],
            [
              128.0594258,
              36.654815837
            ]
          ],
          [
            [
              128.0597621,
              36.654653959
            ],
            [
              128.05944822,
              36.654608993
            ],
            [
              128.05947064,
              36.654761878
            ],
            [
              128.0597621,
              36.654653959
            ]
          ]
        ]
      }
    },
    {
      "type": "Feature",
      "id": "central-sunken-floor",
      "properties": {
        "id": "central-sunken-floor",
        "type": "eco_structure",
        "part": "eco sunken courtyard floor",
        "band": "B1",
        "color": "#c8d2af",
        "annotation_color": "#26a776",
        "base_m": 0,
        "top_m": 0.1200000000000001,
        "relative_base_m": -4,
        "relative_top_m": -3.88,
        "base": 0,
        "height": 0.1200000000000001,
        "usage": "visual_only",
        "survey_verified": false,
        "routing_enabled": false
      },
      "geometry": {
        "type": "Polygon",
        "coordinates": [
          [
            [
              128.05947064,
              36.654761878
            ],
            [
              128.05944822,
              36.654608993
            ],
            [
              128.0597621,
              36.654653959
            ],
            [
              128.05947064,
              36.654761878
            ]
          ]
        ]
      }
    },
    {
      "type": "Feature",
      "id": "central-retaining-0",
      "properties": {
        "id": "central-retaining-0",
        "type": "eco_structure",
        "part": "eco exposed retaining wall",
        "band": "B1",
        "color": "#68958a",
        "annotation_color": "#26a776",
        "base_m": 0,
        "top_m": 4,
        "relative_base_m": -4,
        "relative_top_m": 0,
        "base": 0,
        "height": 4,
        "usage": "visual_only",
        "survey_verified": false,
        "routing_enabled": false
      },
      "geometry": {
        "type": "Polygon",
        "coordinates": [
          [
            [
              128.059466187,
              36.654762298
            ],
            [
              128.059443767,
              36.654609414
            ],
            [
              128.05944822,
              36.654608993
            ],
            [
              128.05947064,
              36.654761878
            ],
            [
              128.059466187,
              36.654762298
            ]
          ]
        ]
      }
    },
    {
      "type": "Feature",
      "id": "central-retaining-1",
      "properties": {
        "id": "central-retaining-1",
        "type": "eco_structure",
        "part": "eco exposed retaining wall",
        "band": "B1",
        "color": "#68958a",
        "annotation_color": "#26a776",
        "base_m": 0,
        "top_m": 4,
        "relative_base_m": -4,
        "relative_top_m": 0,
        "base": 0,
        "height": 4,
        "usage": "visual_only",
        "survey_verified": false,
        "routing_enabled": false
      },
      "geometry": {
        "type": "Polygon",
        "coordinates": [
          [
            [
              128.059449008,
              36.654605452
            ],
            [
              128.059762888,
              36.654650418
            ],
            [
              128.0597621,
              36.654653959
            ],
            [
              128.05944822,
              36.654608993
            ],
            [
              128.059449008,
              36.654605452
            ]
          ]
        ]
      }
    },
    {
      "type": "Feature",
      "id": "central-retaining-2",
      "properties": {
        "id": "central-retaining-2",
        "type": "eco_structure",
        "part": "eco exposed retaining wall",
        "band": "B1",
        "color": "#68958a",
        "annotation_color": "#26a776",
        "base_m": 0,
        "top_m": 4,
        "relative_base_m": -4,
        "relative_top_m": 0,
        "base": 0,
        "height": 4,
        "usage": "visual_only",
        "survey_verified": false,
        "routing_enabled": false
      },
      "geometry": {
        "type": "Polygon",
        "coordinates": [
          [
            [
              128.059763979,
              36.654657225
            ],
            [
              128.059472519,
              36.654765144
            ],
            [
              128.05947064,
              36.654761878
            ],
            [
              128.0597621,
              36.654653959
            ],
            [
              128.059763979,
              36.654657225
            ]
          ]
        ]
      }
    },
    {
      "type": "Feature",
      "id": "lower-courtyard-floor",
      "properties": {
        "id": "lower-courtyard-floor",
        "type": "eco_structure",
        "part": "eco lower sunken garden",
        "band": "B1",
        "color": "#e0d8bd",
        "annotation_color": "#26a776",
        "base_m": 0,
        "top_m": 0.1200000000000001,
        "relative_base_m": -4,
        "relative_top_m": -3.88,
        "base": 0,
        "height": 0.1200000000000001,
        "usage": "visual_only",
        "survey_verified": false,
        "routing_enabled": false
      },
      "geometry": {
        "type": "Polygon",
        "coordinates": [
          [
            [
              128.05996388,
              36.654330204
            ],
            [
              128.06017687,
              36.654078394
            ],
            [
              128.06023292,
              36.654033428
            ],
            [
              128.06042349,
              36.654420136
            ],
            [
              128.06027776,
              36.654519061
            ],
            [
              128.05996388,
              36.654447115
            ],
            [
              128.05996388,
              36.654330204
            ]
          ]
        ]
      }
    },
    {
      "type": "Feature",
      "id": "entry-lower-deck",
      "properties": {
        "id": "entry-lower-deck",
        "type": "eco_structure",
        "part": "eco walkway surface",
        "band": "WALK",
        "color": "#d9d5c2",
        "annotation_color": "#355ed0",
        "base_m": 0,
        "top_m": 0.10000000000000009,
        "relative_base_m": -4,
        "relative_top_m": -3.9,
        "base": 0,
        "height": 0.10000000000000009,
        "usage": "visual_only",
        "survey_verified": false,
        "routing_enabled": false,
        "link_id": "entry-lower"
      },
      "geometry": {
        "type": "Polygon",
        "coordinates": [
          [
            [
              128.059977686,
              36.654418236
            ],
            [
              128.06012483,
              36.654347539
            ],
            [
              128.06013923,
              36.654366827
            ],
            [
              128.059992086,
              36.654437524
            ],
            [
              128.059977686,
              36.654418236
            ]
          ]
        ]
      }
    },
    {
      "type": "Feature",
      "id": "lower-front-deck",
      "properties": {
        "id": "lower-front-deck",
        "type": "eco_structure",
        "part": "eco walkway surface",
        "band": "WALK",
        "color": "#d9d5c2",
        "annotation_color": "#355ed0",
        "base_m": 0,
        "top_m": 0.10000000000000009,
        "relative_base_m": -4,
        "relative_top_m": -3.9,
        "base": 0,
        "height": 0.10000000000000009,
        "usage": "visual_only",
        "survey_verified": false,
        "routing_enabled": false,
        "link_id": "lower-front"
      },
      "geometry": {
        "type": "Polygon",
        "coordinates": [
          [
            [
              128.060130517,
              36.654368359
            ],
            [
              128.059896966,
              36.654348015
            ],
            [
              128.059899992,
              36.654325663
            ],
            [
              128.060133543,
              36.654346007
            ],
            [
              128.060130517,
              36.654368359
            ]
          ]
        ]
      }
    },
    {
      "type": "Feature",
      "id": "lower-east-deck",
      "properties": {
        "id": "lower-east-deck",
        "type": "eco_structure",
        "part": "eco walkway surface",
        "band": "WALK",
        "color": "#d9d5c2",
        "annotation_color": "#355ed0",
        "base_m": 0,
        "top_m": 0.10000000000000009,
        "relative_base_m": -4,
        "relative_top_m": -3.9,
        "base": 0,
        "height": 0.10000000000000009,
        "usage": "visual_only",
        "survey_verified": false,
        "routing_enabled": false,
        "link_id": "lower-east"
      },
      "geometry": {
        "type": "Polygon",
        "coordinates": [
          [
            [
              128.060142667,
              36.654349865
            ],
            [
              128.060309071,
              36.654505531
            ],
            [
              128.060287797,
              36.654520167
            ],
            [
              128.060121393,
              36.654364501
            ],
            [
              128.060142667,
              36.654349865
            ]
          ]
        ]
      }
    },
    {
      "type": "Feature",
      "id": "g1-west-deck",
      "properties": {
        "id": "g1-west-deck",
        "type": "eco_structure",
        "part": "eco walkway surface",
        "band": "WALK",
        "color": "#d9d5c2",
        "annotation_color": "#355ed0",
        "base_m": 0,
        "top_m": 4.1,
        "relative_base_m": -4,
        "relative_top_m": 0.1,
        "base": 0,
        "height": 4.1,
        "usage": "visual_only",
        "survey_verified": false,
        "routing_enabled": false,
        "link_id": "g1-west"
      },
      "geometry": {
        "type": "Polygon",
        "coordinates": [
          [
            [
              128.059659426,
              36.654500399
            ],
            [
              128.059412806,
              36.654680264
            ],
            [
              128.059393954,
              36.654663628
            ],
            [
              128.059640574,
              36.654483763
            ],
            [
              128.059659426,
              36.654500399
            ]
          ]
        ]
      }
    },
    {
      "type": "Feature",
      "id": "west-entrance-link-deck",
      "properties": {
        "id": "west-entrance-link-deck",
        "type": "eco_structure",
        "part": "eco walkway surface",
        "band": "WALK",
        "color": "#d9d5c2",
        "annotation_color": "#355ed0",
        "base_m": 0,
        "top_m": 4.1,
        "relative_base_m": -4,
        "relative_top_m": 0.1,
        "base": 0,
        "height": 4.1,
        "usage": "visual_only",
        "survey_verified": false,
        "routing_enabled": false,
        "link_id": "west-entrance-link"
      },
      "geometry": {
        "type": "Polygon",
        "coordinates": [
          [
            [
              128.059390934,
              36.65467711
            ],
            [
              128.059342286,
              36.654601654
            ],
            [
              128.059367178,
              36.654591326
            ],
            [
              128.059415826,
              36.654666782
            ],
            [
              128.059390934,
              36.65467711
            ]
          ]
        ]
      }
    },
    {
      "type": "Feature",
      "id": "west-main-deck",
      "properties": {
        "id": "west-main-deck",
        "type": "eco_structure",
        "part": "eco walkway surface",
        "band": "WALK",
        "color": "#d9d5c2",
        "annotation_color": "#355ed0",
        "base_m": 0,
        "top_m": 4.1,
        "relative_base_m": -4,
        "relative_top_m": 0.1,
        "base": 0,
        "height": 4.1,
        "usage": "visual_only",
        "survey_verified": false,
        "routing_enabled": false,
        "link_id": "west-main"
      },
      "geometry": {
        "type": "Polygon",
        "coordinates": [
          [
            [
              128.059417372,
              36.654672554
            ],
            [
              128.05940544,
              36.654849301
            ],
            [
              128.059377456,
              36.654848085
            ],
            [
              128.059389388,
              36.654671338
            ],
            [
              128.059417372,
              36.654672554
            ]
          ]
        ]
      }
    },
    {
      "type": "Feature",
      "id": "g1-east-deck",
      "properties": {
        "id": "g1-east-deck",
        "type": "eco_structure",
        "part": "eco walkway surface",
        "band": "WALK",
        "color": "#d9d5c2",
        "annotation_color": "#355ed0",
        "base_m": 0,
        "top_m": 4.1,
        "relative_base_m": -4,
        "relative_top_m": 0.1,
        "base": 0,
        "height": 4.1,
        "usage": "visual_only",
        "survey_verified": false,
        "routing_enabled": false,
        "link_id": "g1-east"
      },
      "geometry": {
        "type": "Polygon",
        "coordinates": [
          [
            [
              128.059657129,
              36.654482403
            ],
            [
              128.059903749,
              36.654599315
            ],
            [
              128.059889491,
              36.654618671
            ],
            [
              128.059642871,
              36.654501759
            ],
            [
              128.059657129,
              36.654482403
            ]
          ]
        ]
      }
    },
    {
      "type": "Feature",
      "id": "east-door-deck",
      "properties": {
        "id": "east-door-deck",
        "type": "eco_structure",
        "part": "eco walkway surface",
        "band": "WALK",
        "color": "#d9d5c2",
        "annotation_color": "#355ed0",
        "base_m": 0,
        "top_m": 4.1,
        "relative_base_m": -4,
        "relative_top_m": 0.1,
        "base": 0,
        "height": 4.1,
        "usage": "visual_only",
        "survey_verified": false,
        "routing_enabled": false,
        "link_id": "east-door"
      },
      "geometry": {
        "type": "Polygon",
        "coordinates": [
          [
            [
              128.059908277,
              36.654602755
            ],
            [
              128.06000618,
              36.654720506
            ],
            [
              128.059982866,
              36.654732982
            ],
            [
              128.059884963,
              36.654615231
            ],
            [
              128.059908277,
              36.654602755
            ]
          ]
        ]
      }
    },
    {
      "type": "Feature",
      "id": "east-rear-deck",
      "properties": {
        "id": "east-rear-deck",
        "type": "eco_structure",
        "part": "eco walkway surface",
        "band": "WALK",
        "color": "#d9d5c2",
        "annotation_color": "#355ed0",
        "base_m": 0,
        "top_m": 4.1,
        "relative_base_m": -4,
        "relative_top_m": 0.1,
        "base": 0,
        "height": 4.1,
        "usage": "visual_only",
        "survey_verified": false,
        "routing_enabled": false,
        "link_id": "east-rear"
      },
      "geometry": {
        "type": "Polygon",
        "coordinates": [
          [
            [
              128.059910571,
              36.654607944
            ],
            [
              128.059944201,
              36.654895727
            ],
            [
              128.059916299,
              36.654897825
            ],
            [
              128.059882669,
              36.654610042
            ],
            [
              128.059910571,
              36.654607944
            ]
          ]
        ]
      }
    },
    {
      "type": "Feature",
      "id": "transition-link-1-deck",
      "properties": {
        "id": "transition-link-1-deck",
        "type": "eco_structure",
        "part": "eco walkway surface",
        "band": "WALK",
        "color": "#d9d5c2",
        "annotation_color": "#355ed0",
        "base_m": 0,
        "top_m": 0.2250000000000001,
        "relative_base_m": -4,
        "relative_top_m": -3.775,
        "base": 0,
        "height": 0.2250000000000001,
        "usage": "visual_only",
        "survey_verified": false,
        "routing_enabled": false,
        "link_id": "transition-link-1"
      },
      "geometry": {
        "type": "Polygon",
        "coordinates": [
          [
            [
              128.059988142,
              36.654438814
            ],
            [
              128.059967212,
              36.654442826
            ],
            [
              128.0599607,
              36.654420958
            ],
            [
              128.05998163,
              36.654416946
            ],
            [
              128.059988142,
              36.654438814
            ]
          ]
        ]
      }
    },
    {
      "type": "Feature",
      "id": "transition-link-2-deck",
      "properties": {
        "id": "transition-link-2-deck",
        "type": "eco_structure",
        "part": "eco walkway surface",
        "band": "WALK",
        "color": "#d9d5c2",
        "annotation_color": "#355ed0",
        "base_m": 0,
        "top_m": 0.4750000000000001,
        "relative_base_m": -4,
        "relative_top_m": -3.525,
        "base": 0,
        "height": 0.4750000000000001,
        "usage": "visual_only",
        "survey_verified": false,
        "routing_enabled": false,
        "link_id": "transition-link-2"
      },
      "geometry": {
        "type": "Polygon",
        "coordinates": [
          [
            [
              128.059967213,
              36.654442826
            ],
            [
              128.059946283,
              36.654446839
            ],
            [
              128.059939769,
              36.654424971
            ],
            [
              128.059960699,
              36.654420958
            ],
            [
              128.059967213,
              36.654442826
            ]
          ]
        ]
      }
    },
    {
      "type": "Feature",
      "id": "transition-link-3-deck",
      "properties": {
        "id": "transition-link-3-deck",
        "type": "eco_structure",
        "part": "eco walkway surface",
        "band": "WALK",
        "color": "#d9d5c2",
        "annotation_color": "#355ed0",
        "base_m": 0,
        "top_m": 0.7250000000000001,
        "relative_base_m": -4,
        "relative_top_m": -3.275,
        "base": 0,
        "height": 0.7250000000000001,
        "usage": "visual_only",
        "survey_verified": false,
        "routing_enabled": false,
        "link_id": "transition-link-3"
      },
      "geometry": {
        "type": "Polygon",
        "coordinates": [
          [
            [
              128.059946283,
              36.654446839
            ],
            [
              128.059925352,
              36.654450852
            ],
            [
              128.059918838,
              36.654428984
            ],
            [
              128.059939769,
              36.654424971
            ],
            [
              128.059946283,
              36.654446839
            ]
          ]
        ]
      }
    },
    {
      "type": "Feature",
      "id": "transition-link-4-deck",
      "properties": {
        "id": "transition-link-4-deck",
        "type": "eco_structure",
        "part": "eco walkway surface",
        "band": "WALK",
        "color": "#d9d5c2",
        "annotation_color": "#355ed0",
        "base_m": 0,
        "top_m": 0.9750000000000001,
        "relative_base_m": -4,
        "relative_top_m": -3.025,
        "base": 0,
        "height": 0.9750000000000001,
        "usage": "visual_only",
        "survey_verified": false,
        "routing_enabled": false,
        "link_id": "transition-link-4"
      },
      "geometry": {
        "type": "Polygon",
        "coordinates": [
          [
            [
              128.059925351,
              36.654450852
            ],
            [
              128.059904421,
              36.654454864
            ],
            [
              128.059897909,
              36.654432996
            ],
            [
              128.059918839,
              36.654428984
            ],
            [
              128.059925351,
              36.654450852
            ]
          ]
        ]
      }
    },
    {
      "type": "Feature",
      "id": "transition-link-5-deck",
      "properties": {
        "id": "transition-link-5-deck",
        "type": "eco_structure",
        "part": "eco walkway surface",
        "band": "WALK",
        "color": "#d9d5c2",
        "annotation_color": "#355ed0",
        "base_m": 0,
        "top_m": 1.225,
        "relative_base_m": -4,
        "relative_top_m": -2.775,
        "base": 0,
        "height": 1.225,
        "usage": "visual_only",
        "survey_verified": false,
        "routing_enabled": false,
        "link_id": "transition-link-5"
      },
      "geometry": {
        "type": "Polygon",
        "coordinates": [
          [
            [
              128.059904422,
              36.654454864
            ],
            [
              128.059883491,
              36.654458877
            ],
            [
              128.059876977,
              36.654437009
            ],
            [
              128.059897908,
              36.654432996
            ],
            [
              128.059904422,
              36.654454864
            ]
          ]
        ]
      }
    },
    {
      "type": "Feature",
      "id": "transition-link-6-deck",
      "properties": {
        "id": "transition-link-6-deck",
        "type": "eco_structure",
        "part": "eco walkway surface",
        "band": "WALK",
        "color": "#d9d5c2",
        "annotation_color": "#355ed0",
        "base_m": 0,
        "top_m": 1.475,
        "relative_base_m": -4,
        "relative_top_m": -2.525,
        "base": 0,
        "height": 1.475,
        "usage": "visual_only",
        "survey_verified": false,
        "routing_enabled": false,
        "link_id": "transition-link-6"
      },
      "geometry": {
        "type": "Polygon",
        "coordinates": [
          [
            [
              128.05988349,
              36.654458877
            ],
            [
              128.05986256,
              36.654462889
            ],
            [
              128.059856048,
              36.654441021
            ],
            [
              128.059876978,
              36.654437009
            ],
            [
              128.05988349,
              36.654458877
            ]
          ]
        ]
      }
    },
    {
      "type": "Feature",
      "id": "transition-link-7-deck",
      "properties": {
        "id": "transition-link-7-deck",
        "type": "eco_structure",
        "part": "eco walkway surface",
        "band": "WALK",
        "color": "#d9d5c2",
        "annotation_color": "#355ed0",
        "base_m": 0,
        "top_m": 1.725,
        "relative_base_m": -4,
        "relative_top_m": -2.275,
        "base": 0,
        "height": 1.725,
        "usage": "visual_only",
        "survey_verified": false,
        "routing_enabled": false,
        "link_id": "transition-link-7"
      },
      "geometry": {
        "type": "Polygon",
        "coordinates": [
          [
            [
              128.059862561,
              36.654462889
            ],
            [
              128.059841631,
              36.654466902
            ],
            [
              128.059835117,
              36.654445034
            ],
            [
              128.059856047,
              36.654441021
            ],
            [
              128.059862561,
              36.654462889
            ]
          ]
        ]
      }
    },
    {
      "type": "Feature",
      "id": "transition-link-8-deck",
      "properties": {
        "id": "transition-link-8-deck",
        "type": "eco_structure",
        "part": "eco walkway surface",
        "band": "WALK",
        "color": "#d9d5c2",
        "annotation_color": "#355ed0",
        "base_m": 0,
        "top_m": 1.975,
        "relative_base_m": -4,
        "relative_top_m": -2.025,
        "base": 0,
        "height": 1.975,
        "usage": "visual_only",
        "survey_verified": false,
        "routing_enabled": false,
        "link_id": "transition-link-8"
      },
      "geometry": {
        "type": "Polygon",
        "coordinates": [
          [
            [
              128.059841631,
              36.654466902
            ],
            [
              128.0598207,
              36.654470915
            ],
            [
              128.059814186,
              36.654449047
            ],
            [
              128.059835117,
              36.654445034
            ],
            [
              128.059841631,
              36.654466902
            ]
          ]
        ]
      }
    },
    {
      "type": "Feature",
      "id": "transition-link-9-deck",
      "properties": {
        "id": "transition-link-9-deck",
        "type": "eco_structure",
        "part": "eco walkway surface",
        "band": "WALK",
        "color": "#d9d5c2",
        "annotation_color": "#355ed0",
        "base_m": 0,
        "top_m": 2.225,
        "relative_base_m": -4,
        "relative_top_m": -1.775,
        "base": 0,
        "height": 2.225,
        "usage": "visual_only",
        "survey_verified": false,
        "routing_enabled": false,
        "link_id": "transition-link-9"
      },
      "geometry": {
        "type": "Polygon",
        "coordinates": [
          [
            [
              128.059820699,
              36.654470915
            ],
            [
              128.059799769,
              36.654474927
            ],
            [
              128.059793257,
              36.654453059
            ],
            [
              128.059814187,
              36.654449047
            ],
            [
              128.059820699,
              36.654470915
            ]
          ]
        ]
      }
    },
    {
      "type": "Feature",
      "id": "transition-link-10-deck",
      "properties": {
        "id": "transition-link-10-deck",
        "type": "eco_structure",
        "part": "eco walkway surface",
        "band": "WALK",
        "color": "#d9d5c2",
        "annotation_color": "#355ed0",
        "base_m": 0,
        "top_m": 2.475,
        "relative_base_m": -4,
        "relative_top_m": -1.525,
        "base": 0,
        "height": 2.475,
        "usage": "visual_only",
        "survey_verified": false,
        "routing_enabled": false,
        "link_id": "transition-link-10"
      },
      "geometry": {
        "type": "Polygon",
        "coordinates": [
          [
            [
              128.05979977,
              36.654474927
            ],
            [
              128.059778839,
              36.65447894
            ],
            [
              128.059772325,
              36.654457072
            ],
            [
              128.059793256,
              36.654453059
            ],
            [
              128.05979977,
              36.654474927
            ]
          ]
        ]
      }
    },
    {
      "type": "Feature",
      "id": "transition-link-11-deck",
      "properties": {
        "id": "transition-link-11-deck",
        "type": "eco_structure",
        "part": "eco walkway surface",
        "band": "WALK",
        "color": "#d9d5c2",
        "annotation_color": "#355ed0",
        "base_m": 0,
        "top_m": 2.725,
        "relative_base_m": -4,
        "relative_top_m": -1.275,
        "base": 0,
        "height": 2.725,
        "usage": "visual_only",
        "survey_verified": false,
        "routing_enabled": false,
        "link_id": "transition-link-11"
      },
      "geometry": {
        "type": "Polygon",
        "coordinates": [
          [
            [
              128.059778838,
              36.65447894
            ],
            [
              128.059757908,
              36.654482952
            ],
            [
              128.059751396,
              36.654461084
            ],
            [
              128.059772326,
              36.654457072
            ],
            [
              128.059778838,
              36.65447894
            ]
          ]
        ]
      }
    },
    {
      "type": "Feature",
      "id": "transition-link-12-deck",
      "properties": {
        "id": "transition-link-12-deck",
        "type": "eco_structure",
        "part": "eco walkway surface",
        "band": "WALK",
        "color": "#d9d5c2",
        "annotation_color": "#355ed0",
        "base_m": 0,
        "top_m": 2.975,
        "relative_base_m": -4,
        "relative_top_m": -1.025,
        "base": 0,
        "height": 2.975,
        "usage": "visual_only",
        "survey_verified": false,
        "routing_enabled": false,
        "link_id": "transition-link-12"
      },
      "geometry": {
        "type": "Polygon",
        "coordinates": [
          [
            [
              128.059757909,
              36.654482952
            ],
            [
              128.059736979,
              36.654486965
            ],
            [
              128.059730465,
              36.654465097
            ],
            [
              128.059751395,
              36.654461084
            ],
            [
              128.059757909,
              36.654482952
            ]
          ]
        ]
      }
    },
    {
      "type": "Feature",
      "id": "transition-link-13-deck",
      "properties": {
        "id": "transition-link-13-deck",
        "type": "eco_structure",
        "part": "eco walkway surface",
        "band": "WALK",
        "color": "#d9d5c2",
        "annotation_color": "#355ed0",
        "base_m": 0,
        "top_m": 3.225,
        "relative_base_m": -4,
        "relative_top_m": -0.775,
        "base": 0,
        "height": 3.225,
        "usage": "visual_only",
        "survey_verified": false,
        "routing_enabled": false,
        "link_id": "transition-link-13"
      },
      "geometry": {
        "type": "Polygon",
        "coordinates": [
          [
            [
              128.059736979,
              36.654486965
            ],
            [
              128.059716048,
              36.654490978
            ],
            [
              128.059709534,
              36.65446911
            ],
            [
              128.059730465,
              36.654465097
            ],
            [
              128.059736979,
              36.654486965
            ]
          ]
        ]
      }
    },
    {
      "type": "Feature",
      "id": "transition-link-14-deck",
      "properties": {
        "id": "transition-link-14-deck",
        "type": "eco_structure",
        "part": "eco walkway surface",
        "band": "WALK",
        "color": "#d9d5c2",
        "annotation_color": "#355ed0",
        "base_m": 0,
        "top_m": 3.475,
        "relative_base_m": -4,
        "relative_top_m": -0.525,
        "base": 0,
        "height": 3.475,
        "usage": "visual_only",
        "survey_verified": false,
        "routing_enabled": false,
        "link_id": "transition-link-14"
      },
      "geometry": {
        "type": "Polygon",
        "coordinates": [
          [
            [
              128.059716047,
              36.654490978
            ],
            [
              128.059695117,
              36.65449499
            ],
            [
              128.059688605,
              36.654473122
            ],
            [
              128.059709535,
              36.65446911
            ],
            [
              128.059716047,
              36.654490978
            ]
          ]
        ]
      }
    },
    {
      "type": "Feature",
      "id": "transition-link-15-deck",
      "properties": {
        "id": "transition-link-15-deck",
        "type": "eco_structure",
        "part": "eco walkway surface",
        "band": "WALK",
        "color": "#d9d5c2",
        "annotation_color": "#355ed0",
        "base_m": 0,
        "top_m": 3.725,
        "relative_base_m": -4,
        "relative_top_m": -0.275,
        "base": 0,
        "height": 3.725,
        "usage": "visual_only",
        "survey_verified": false,
        "routing_enabled": false,
        "link_id": "transition-link-15"
      },
      "geometry": {
        "type": "Polygon",
        "coordinates": [
          [
            [
              128.059695118,
              36.65449499
            ],
            [
              128.059674187,
              36.654499003
            ],
            [
              128.059667673,
              36.654477135
            ],
            [
              128.059688604,
              36.654473122
            ],
            [
              128.059695118,
              36.65449499
            ]
          ]
        ]
      }
    },
    {
      "type": "Feature",
      "id": "transition-link-16-deck",
      "properties": {
        "id": "transition-link-16-deck",
        "type": "eco_structure",
        "part": "eco walkway surface",
        "band": "WALK",
        "color": "#d9d5c2",
        "annotation_color": "#355ed0",
        "base_m": 0,
        "top_m": 3.975,
        "relative_base_m": -4,
        "relative_top_m": -0.024999999999999994,
        "base": 0,
        "height": 3.975,
        "usage": "visual_only",
        "survey_verified": false,
        "routing_enabled": false,
        "link_id": "transition-link-16"
      },
      "geometry": {
        "type": "Polygon",
        "coordinates": [
          [
            [
              128.059674186,
              36.654499003
            ],
            [
              128.059653256,
              36.654503015
            ],
            [
              128.059646744,
              36.654481147
            ],
            [
              128.059667674,
              36.654477135
            ],
            [
              128.059674186,
              36.654499003
            ]
          ]
        ]
      }
    }
  ]
}